id,comments,createdAt,name,updatedAt
3YGiHt2XPQ76uaLNyD0H,,2025-12-19T12:19:46.763Z,Interbel,2025-12-19T12:19:46.763Z
4hh5EBSGht4RuF4JDb1A,,2025-12-19T12:19:26.504Z,Sacred Wind,2025-12-19T12:19:26.504Z
6Cj9GuT8kYGjyE5o4Eje,,2025-12-19T12:18:35.954Z,Commnet,2025-12-19T12:18:35.954Z
6g1MVJt4H0mZ5SbOKjDd,,2025-12-19T13:48:26.314Z,Alhambra,2025-12-19T13:48:26.314Z
73YdY2VCiMmSqdwxfDTZ,,2025-12-19T12:19:15.406Z,VTX 1,2025-12-19T12:19:15.406Z
8gpjOfOscdFewK5Viik5,,2025-12-19T13:48:03.601Z,GigaBeam,2025-12-19T13:48:03.601Z
9ybszWGxVKRmZM2OXIo6,,2025-12-16T04:46:10.820Z,PRTC,2025-12-16T04:46:10.820Z
BF8qSfWG4KsYCCz1lJ8N,,2025-12-19T12:18:16.499Z,Hardy,2025-12-19T12:18:16.499Z
CINfGKjckJpk5yt7C0rV,,2025-12-19T12:18:46.482Z,Thacker,2025-12-19T12:18:46.482Z
D5ixn7XokpfW3wUe9rTG,,2025-12-19T13:49:02.329Z,Citizen's ,2025-12-19T13:49:02.329Z
FnFAecb2J7WZUc2WV7cl,,2025-12-16T04:49:42.961Z,Duo ,2025-12-16T04:49:42.961Z
GHedAE4Rd6L5vX2qTw36,,2025-12-19T12:20:09.674Z,Eastex Telephone Cooperative,2025-12-19T12:20:09.674Z
GRYLXbUpkMFSJ34lsU0Z,,2025-12-19T12:20:45.941Z,California Brodband Cooperative INC,2025-12-19T12:20:45.941Z
ImonrHivfRMJQf9vHREb,,2025-12-19T12:18:55.506Z,Smartcom,2025-12-19T12:18:55.506Z
MM0zrwKXbMTwxXkbJmFC,,2025-12-19T12:17:58.373Z,FireFly,2025-12-19T12:17:58.373Z
MPp9IzivDkESFgwdZ2lv,,2025-12-19T12:20:34.048Z,Gearheart Telephone Company,2025-12-19T12:20:34.048Z
NoaPzMARh6ADnX80jGW1,,2025-12-19T12:19:37.498Z,GTe,2025-12-19T12:19:37.498Z
OCB1CDMWK2fblLbujhDy,,2025-12-16T04:49:25.294Z,CWF,2025-12-16T04:49:25.294Z
QbIZALjBv3WiKYWsYZ5c,,2025-12-19T12:20:20.418Z,Onward,2025-12-19T13:48:41.753Z
YRRLtyJyf1liMHQePXWM,"POS 2.0, Capital Credits 2.0 ",2025-12-17T14:27:37.713Z,FTC,2025-12-17T14:27:37.713Z
acw7VvxzC9fW1DWpXyzO,,2025-12-19T12:17:45.046Z,Home Telecom,2025-12-19T12:17:45.046Z
bNiEddCIJS5CT41gyXca,,2025-12-19T12:19:57.211Z,Pavlov Media,2025-12-19T12:19:57.211Z
cv3Z5sBzCWAu24EJSB3d,,2025-12-19T12:19:05.361Z,Conterra,2025-12-19T12:19:05.361Z
gDuELhYbHETGzsvZph7j,,2025-12-19T13:48:50.154Z,Adamswells,2025-12-19T13:48:50.154Z
jAmEFiWRLJvitV1T9Z3N,,2025-12-16T04:50:42.535Z,ArchTop,2025-12-16T04:50:42.535Z
m2RRoFQBlSL55YeRv3oT,,2025-12-19T12:18:26.393Z,Gearheart,2025-12-19T12:18:26.393Z
rjQkuaZfczwpQDJN2CBh,,2025-12-16T04:50:50.463Z,IdeaTek,2025-12-16T04:50:50.463Z
sEaxo3aij4adHjfHnxDc,"NEM, SH, SC",2025-12-18T11:03:25.682Z,ACS,2025-12-18T11:03:25.682Z
sGawlD55KlVyhgUUcj8L,,2025-12-16T04:49:34.348Z,RapidFiber,2025-12-16T04:49:34.348Z
tRpUPGIaU5BR3ORlpNwb,,2025-12-19T12:18:08.056Z,MSF,2025-12-19T12:18:08.056Z