id,blockedComments,clientId,createdAt,deploymentType,environment,featureName,nextDeliveryDate,notes,productId,releaseItems,status,statusHistory,updatedAt
2g9axrPgFfYNzbZkPOjY,[],,2025-12-19T13:54:53.940Z,ga,production,,2026-01-06,,zcoMIxT9p46vmV15sSlR,,In Progress,"[{""id"":""dde6bac2-417b-4a63-bda5-3b336d9e3834"",""author"":""System"",""fromStatus"":""Not Started"",""text"":""Status changed from \""Not Started\"" to \""In Progress\"""",""type"":""status_change"",""toStatus"":""In Progress"",""timestamp"":""2025-12-19T13:55:02.676Z""}]",2025-12-19T13:55:02.892Z
4Voyc5SJ33N7cWsaAIRt,[],rjQkuaZfczwpQDJN2CBh,2025-12-19T13:27:52.126Z,client-specific,sandbox,,2025-12-19,,1YkP7aG8xgS9DGwcNOLr,,Released,"[{""fromStatus"":""Not Started"",""type"":""status_change"",""id"":""55336d80-46df-4b24-9f03-5e27e7cf58c6"",""timestamp"":""2025-12-19T13:27:55.420Z"",""author"":""System"",""toStatus"":""Released"",""text"":""Status changed from \""Not Started\"" to \""Released\""""}]",2025-12-19T13:27:55.618Z
5InRa5E17O3boxlLRxZQ,[],,2025-12-17T14:16:57.933Z,generic,,,2026-02-27,,Z4D8d2hoBVakZlcy0dBW,,Released,"[{""type"":""status_change"",""id"":""509f1da0-8a7c-4120-b1a7-09d7415dbaf7"",""toStatus"":""Released"",""fromStatus"":""In Progress"",""timestamp"":""2025-12-19T13:27:47.045Z"",""text"":""Status changed from \""In Progress\"" to \""Released\"""",""author"":""System""}]",2025-12-19T13:27:47.238Z
5n2A9b7F1bZpt0uI27hw,[],9ybszWGxVKRmZM2OXIo6,2025-12-18T15:31:13.211Z,client-specific,,,2025-12-16,,Mofaz68FVhlW8Z6H4B7p,,Released,"[{""author"":""System"",""id"":""8cfdb9a0-1e90-4962-8c0b-0e5ed4d9635b"",""fromStatus"":""Not Started"",""timestamp"":""2025-12-18T15:31:17.219Z"",""toStatus"":""Released"",""type"":""status_change"",""text"":""Status changed from \""Not Started\"" to \""Released\""""}]",2025-12-18T15:31:17.405Z
7oNukPmDf8CHEPyIbe6F,[],,2025-12-17T14:23:49.809Z,generic,,,2025-12-17,,CfngN0Hz4lQl706qofv1,,Released,"[{""toStatus"":""Released"",""timestamp"":""2025-12-18T15:40:50.167Z"",""fromStatus"":""In Progress"",""text"":""Status changed from \""In Progress\"" to \""Released\"""",""author"":""System"",""id"":""8a9bbfbb-9c10-4b02-a97b-d83d9e1a940b"",""type"":""status_change""}]",2025-12-18T15:40:51.015Z
9w0zh0zbC4LTNdh6mbdt,[],,2025-12-17T18:58:06.995Z,generic,,,2026-01-06,,2uAlYj4OtBCsYPi9FfFD,,In Progress,"[{""text"":""Status changed from \""In Progress\"" to \""Released\"""",""type"":""status_change"",""toStatus"":""Released"",""id"":""d9433f53-acd6-4653-bee1-f47d2b1a9d7f"",""fromStatus"":""In Progress"",""timestamp"":""2025-12-19T13:25:22.737Z"",""author"":""System""},{""timestamp"":""2025-12-19T13:34:06.852Z"",""type"":""status_change"",""id"":""d3e5675b-22c3-4fde-8c33-715bf16905d1"",""fromStatus"":""Released"",""toStatus"":""In Progress"",""text"":""Status changed from \""Released\"" to \""In Progress\"""",""author"":""System""}]",2025-12-19T13:34:07.717Z
9wSDaIAylt0xMhDMVVGn,[],,2025-12-17T14:37:36.815Z,generic,qa,,2026-01-30,,lIWBfu8htqlhmyOVo9Tf,,Released,"[{""timestamp"":""2025-12-19T13:26:40.649Z"",""fromStatus"":""In Progress"",""id"":""dc44fc05-f5ed-4bc3-a857-ae2ebafb3eb0"",""text"":""Status changed from \""In Progress\"" to \""Released\"""",""author"":""System"",""toStatus"":""Released"",""type"":""status_change""}]",2025-12-22T14:21:45.728Z
AGYI8cFTIYqOgbQ55msC,[],,2025-12-17T14:25:23.738Z,generic,,,2026-01-16,,Zfppp78pdfaScHrypCOp,,Released,"[{""toStatus"":""Released"",""id"":""a91cef43-6370-4fe7-9f1e-9bb7d9e7f8ef"",""author"":""System"",""type"":""status_change"",""timestamp"":""2025-12-19T13:26:13.036Z"",""text"":""Status changed from \""Not Started\"" to \""Released\"""",""fromStatus"":""Not Started""}]",2025-12-19T13:26:13.229Z
H7e3Wu0TJin1ZeOPf5G5,[],sGawlD55KlVyhgUUcj8L,2025-12-19T13:29:51.450Z,client-specific,sandbox,,2025-12-19,,1YkP7aG8xgS9DGwcNOLr,,Released,"[{""text"":""Status changed from \""Not Started\"" to \""Released\"""",""id"":""cc171419-623f-4e99-991b-ff02ac2fd7bc"",""fromStatus"":""Not Started"",""type"":""status_change"",""toStatus"":""Released"",""timestamp"":""2025-12-19T13:29:55.270Z"",""author"":""System""}]",2025-12-19T13:29:55.469Z
HsTfbsn97cl6CMMLuKYQ,[],,2025-12-17T14:26:12.247Z,generic,,,2026-01-30,"[{""author"":""Admin"",""type"":""note"",""id"":""7efe62d3-885b-4985-81ab-f0d7d01877b3"",""parentId"":null,""text"":""Marking in progress as per the discussion with Kushagra"",""timestamp"":""2025-12-18T15:45:08.265Z""}]",FfeiU2sSck9vtiBopuq9,,In Progress,"[{""toStatus"":""In Progress"",""text"":""Status changed from \""Not Started\"" to \""In Progress\"""",""timestamp"":""2025-12-18T15:44:56.498Z"",""id"":""1c0b699d-6815-42cf-bae9-c6cc52177577"",""author"":""System"",""fromStatus"":""Not Started"",""type"":""status_change""},{""toStatus"":""Released"",""id"":""2e0dc458-ef6f-4634-9024-4df6988623fa"",""author"":""System"",""fromStatus"":""In Progress"",""type"":""status_change"",""text"":""Status changed from \""In Progress\"" to \""Released\"""",""timestamp"":""2025-12-19T13:25:07.947Z""},{""timestamp"":""2025-12-19T13:34:18.252Z"",""author"":""System"",""text"":""Status changed from \""Released\"" to \""In Progress\"""",""fromStatus"":""Released"",""type"":""status_change"",""id"":""a02bd683-c83f-45e7-b495-d3701a0034ed"",""toStatus"":""In Progress""}]",2025-12-19T13:34:45.469Z
IJSymeMmQWWjfIoylI08,[],jAmEFiWRLJvitV1T9Z3N,2025-12-19T13:13:38.920Z,client-specific,production,,2026-02-19,,1YkP7aG8xgS9DGwcNOLr,,Not Started,"[{""text"":""Status changed from \""Not Started\"" to \""Released\"""",""timestamp"":""2025-12-19T13:20:13.923Z"",""author"":""System"",""fromStatus"":""Not Started"",""id"":""789a3101-95f7-4368-b813-3f9fa9f288a4"",""type"":""status_change"",""toStatus"":""Released""},{""id"":""38fec3ae-cdda-4b13-9c69-076fdde515f3"",""toStatus"":""Blocked"",""timestamp"":""2025-12-19T13:26:27.337Z"",""author"":""System"",""fromStatus"":""Released"",""type"":""status_change"",""text"":""Status changed from \""Released\"" to \""Blocked\""""},{""author"":""System"",""id"":""c1b89c32-8d69-4ac8-836b-e06d325aa611"",""type"":""status_change"",""text"":""Status changed from \""Blocked\"" to \""Not Started\"""",""fromStatus"":""Blocked"",""timestamp"":""2025-12-19T13:51:55.744Z"",""toStatus"":""Not Started""}]",2025-12-19T13:52:09.649Z
IfJd4FBOWl0g4YPpPNP0,[],8gpjOfOscdFewK5Viik5,2025-12-19T13:49:40.996Z,client-specific,sandbox,,2026-01-12,"[{""type"":""note"",""author"":""Admin"",""id"":""544ac7d8-02ea-45f9-a8d4-630820aff3ad"",""parentId"":null,""text"":""Onboarding in process"",""timestamp"":""2025-12-22T11:33:56.660Z""}]",lIWBfu8htqlhmyOVo9Tf,,In Progress,"[{""author"":""System"",""type"":""status_change"",""text"":""Status changed from \""Not Started\"" to \""In Progress\"""",""id"":""9e620b14-d88b-438d-92fa-199de43736d4"",""timestamp"":""2025-12-19T13:49:51.928Z"",""fromStatus"":""Not Started"",""toStatus"":""In Progress""}]",2025-12-22T11:33:56.883Z
JLJ8WGMQZeiqchH9iONo,[],,2025-12-19T13:53:26.182Z,ga,production,,2026-01-06,,49UJ1VmZLdyrowLn2sCF,,In Progress,"[{""id"":""17bcc10d-6a83-4344-8a7e-c70cc0865100"",""timestamp"":""2025-12-19T13:53:31.893Z"",""author"":""System"",""text"":""Status changed from \""Not Started\"" to \""In Progress\"""",""toStatus"":""In Progress"",""fromStatus"":""Not Started"",""type"":""status_change""}]",2025-12-19T13:53:32.084Z
JPkZgTUX30ki2BxZXK8w,[],OCB1CDMWK2fblLbujhDy,2025-12-19T13:13:06.589Z,client-specific,production,,2025-12-19,,1YkP7aG8xgS9DGwcNOLr,,Released,"[{""toStatus"":""Released"",""id"":""1f1b100b-cb0f-4e3e-9d69-1a9a52a2a520"",""text"":""Status changed from \""Not Started\"" to \""Released\"""",""author"":""System"",""type"":""status_change"",""fromStatus"":""Not Started"",""timestamp"":""2025-12-19T13:20:43.315Z""}]",2025-12-19T13:20:44.387Z
KfM8CjuEN2JrhsTEXCkX,[],9ybszWGxVKRmZM2OXIo6,2025-12-26T10:16:39.445Z,client-specific,production,,2026-01-05,,lIWBfu8htqlhmyOVo9Tf,Full feature release for PRTC - SC,Not Started,,2025-12-26T10:16:39.445Z
P01v64xk4iN9Sy8HKpXo,[],,2025-12-19T13:55:25.964Z,ga,production,,2026-01-06,,wKGcp5BDJCuYRcrQHCWn,,In Progress,"[{""text"":""Status changed from \""Not Started\"" to \""In Progress\"""",""author"":""System"",""id"":""afd726c2-e6c5-43f9-b741-2549f3e88ebf"",""toStatus"":""In Progress"",""type"":""status_change"",""timestamp"":""2025-12-19T13:55:32.008Z"",""fromStatus"":""Not Started""}]",2025-12-19T13:55:32.195Z
R0kl1hBvRsekzDhCCMha,[],jAmEFiWRLJvitV1T9Z3N,2025-12-22T11:54:10.541Z,client-specific,sandbox,,2025-06-27,,lIWBfu8htqlhmyOVo9Tf,,Released,"[{""type"":""status_change"",""toStatus"":""Released"",""author"":""System"",""text"":""Status changed from \""Not Started\"" to \""Released\"""",""fromStatus"":""Not Started"",""id"":""d27f87cb-6fb2-4599-9797-266dccef0a0e"",""timestamp"":""2025-12-22T11:54:14.864Z""}]",2025-12-22T11:54:15.054Z
Ss8CJVCLifnQZTYUx73m,[],gDuELhYbHETGzsvZph7j,2025-12-19T13:51:18.474Z,client-specific,sandbox,,2026-01-27,,lIWBfu8htqlhmyOVo9Tf,,Not Started,,2025-12-19T13:51:18.474Z
W6s06LRJIaXKQso8FNkz,[],YRRLtyJyf1liMHQePXWM,2025-12-22T11:55:04.084Z,client-specific,sandbox,,2025-12-17,,lIWBfu8htqlhmyOVo9Tf,,Released,"[{""author"":""System"",""fromStatus"":""Not Started"",""text"":""Status changed from \""Not Started\"" to \""Released\"""",""timestamp"":""2025-12-22T11:55:07.332Z"",""toStatus"":""Released"",""type"":""status_change"",""id"":""2f4736e7-f3da-40a7-a672-99c9570c5693""}]",2025-12-22T11:55:07.512Z
acXgLYmEYFwQdm36QAE0,[],OCB1CDMWK2fblLbujhDy,2025-12-22T14:22:30.167Z,client-specific,sandbox,,2025-08-05,,lIWBfu8htqlhmyOVo9Tf,Sandbox release to CWF with all features,Released,"[{""fromStatus"":""Not Started"",""timestamp"":""2025-12-22T14:22:34.441Z"",""toStatus"":""Released"",""author"":""System"",""text"":""Status changed from \""Not Started\"" to \""Released\"""",""id"":""d1863a12-6351-4d90-90f2-e6475d032895"",""type"":""status_change""}]",2025-12-22T14:22:34.643Z
bSnNoQlWZqeR8HbkKOJL,[],9ybszWGxVKRmZM2OXIo6,2025-12-18T15:26:33.925Z,client-specific,,,2025-04-16,,fBCNl2BxQXgyyHMSw4ga,,Released,"[{""author"":""System"",""timestamp"":""2025-12-18T15:26:39.415Z"",""text"":""Status changed from \""Not Started\"" to \""Released\"""",""fromStatus"":""Not Started"",""type"":""status_change"",""id"":""0cd7e7f2-0100-4ce9-942d-0bdb3c5e59ab"",""toStatus"":""Released""}]",2025-12-18T15:26:39.605Z
cTdI8VzGnDmd3VDKL0Rz,[],QbIZALjBv3WiKYWsYZ5c,2025-12-19T13:50:51.485Z,client-specific,sandbox,,2026-01-20,,lIWBfu8htqlhmyOVo9Tf,,Not Started,,2025-12-19T13:50:51.485Z
j46aqcbHjQt6tpSSZ6oO,[],9ybszWGxVKRmZM2OXIo6,2025-12-18T15:28:11.046Z,client-specific,,,2025-12-16,,jY9FXOMiZbSYsAm1L5Ev,,Released,"[{""text"":""Status changed from \""Not Started\"" to \""Released\"""",""type"":""status_change"",""author"":""System"",""timestamp"":""2025-12-18T15:28:18.484Z"",""toStatus"":""Released"",""id"":""ec40ead3-6e00-4486-9c36-f87fd2385acb"",""fromStatus"":""Not Started""}]",2025-12-18T15:28:18.679Z
jW0nU2iuPj7EDO3Lnbn2,[],9ybszWGxVKRmZM2OXIo6,2025-12-18T15:27:34.941Z,client-specific,sandbox,,2025-12-09,,1YkP7aG8xgS9DGwcNOLr,,Released,"[{""id"":""df46c4cc-e6d4-47b9-8beb-129286688771"",""toStatus"":""Released"",""fromStatus"":""Not Started"",""author"":""System"",""timestamp"":""2025-12-18T15:27:40.297Z"",""type"":""status_change"",""text"":""Status changed from \""Not Started\"" to \""Released\""""}]",2025-12-20T07:14:20.472Z
l0n6HzmbTswiopnjOswH,[],YRRLtyJyf1liMHQePXWM,2025-12-17T14:28:16.734Z,client-specific,,,2026-02-02,,dMXHopu14Df3LvHttiVK,,In Progress,"[{""id"":""db5ada8a-2806-4e90-ada0-8847ca863cc9"",""author"":""System"",""text"":""Status changed from \""In Progress\"" to \""Released\"""",""timestamp"":""2025-12-19T13:27:08.236Z"",""type"":""status_change"",""toStatus"":""Released"",""fromStatus"":""In Progress""},{""fromStatus"":""Released"",""author"":""System"",""toStatus"":""In Progress"",""type"":""status_change"",""text"":""Status changed from \""Released\"" to \""In Progress\"""",""timestamp"":""2025-12-22T14:23:17.774Z"",""id"":""76a1d28c-833f-4a26-b7b0-383a08cfc1f0""}]",2025-12-22T14:23:17.976Z
lH26nFXjOLE6EvOAnSDM,[],bNiEddCIJS5CT41gyXca,2025-12-19T13:28:52.669Z,client-specific,sandbox,,2026-04-04,,1YkP7aG8xgS9DGwcNOLr,,Not Started,"[{""author"":""System"",""toStatus"":""Released"",""timestamp"":""2025-12-19T13:29:04.486Z"",""type"":""status_change"",""text"":""Status changed from \""Not Started\"" to \""Released\"""",""fromStatus"":""Not Started"",""id"":""4230ed51-e5ff-4bdd-b3bd-a91710b3abad""},{""text"":""Status changed from \""Released\"" to \""Not Started\"""",""toStatus"":""Not Started"",""author"":""System"",""timestamp"":""2025-12-19T13:29:13.519Z"",""fromStatus"":""Released"",""type"":""status_change"",""id"":""50459128-27bc-4e96-89dc-893f884f80f4""}]",2025-12-19T13:29:20.290Z
nHVhfP7vInWXvdKzOkZ1,[],sEaxo3aij4adHjfHnxDc,2025-12-18T11:05:47.409Z,client-specific,,,2026-06-01,,Z4D8d2hoBVakZlcy0dBW,,Released,"[{""type"":""status_change"",""text"":""Status changed from \""Not Started\"" to \""Released\"""",""author"":""System"",""timestamp"":""2025-12-19T13:28:11.571Z"",""fromStatus"":""Not Started"",""id"":""875db9c1-e505-4142-93b7-5a677b9b28d9"",""toStatus"":""Released""}]",2025-12-19T13:28:11.770Z
om74momr2t5jUj3CVgRr,[],D5ixn7XokpfW3wUe9rTG,2025-12-22T11:33:09.236Z,client-specific,sandbox,,2026-02-03,,lIWBfu8htqlhmyOVo9Tf,,Not Started,,2025-12-22T11:33:09.236Z
qFBZqHK6a98oh2aTlvI9,[],73YdY2VCiMmSqdwxfDTZ,2025-12-19T13:18:48.383Z,client-specific,production,,2025-12-19,,1YkP7aG8xgS9DGwcNOLr,,Released,"[{""timestamp"":""2025-12-19T13:24:47.788Z"",""text"":""Status changed from \""Not Started\"" to \""Released\"""",""author"":""System"",""type"":""status_change"",""toStatus"":""Released"",""fromStatus"":""Not Started"",""id"":""65c2d610-c93c-42d6-852d-184dee7ca1d2""}]",2025-12-19T13:24:47.984Z
qYwUGM5JBEYnuuDWWhjV,[],rjQkuaZfczwpQDJN2CBh,2025-12-17T14:30:24.891Z,client-specific,qa,,2025-12-16,,0sbzasIlCDnt34ZHpkew,,Released,,2025-12-20T07:14:40.586Z
sjCBJKLm1f7OeVJUgLD9,[],BF8qSfWG4KsYCCz1lJ8N,2025-12-22T11:31:39.502Z,client-specific,sandbox,,2026-02-09,,lIWBfu8htqlhmyOVo9Tf,,Not Started,,2025-12-22T11:31:39.502Z
tteTUMH9P8g0C6Xn5z4A,[],,2025-12-19T13:54:09.263Z,ga,production,,2026-01-06,,xC0KyuhWQVGzWPJ5souy,,In Progress,"[{""timestamp"":""2025-12-19T13:54:16.326Z"",""type"":""status_change"",""author"":""System"",""id"":""5c0fc832-c429-43e9-9b06-3fd5343180bf"",""text"":""Status changed from \""Not Started\"" to \""In Progress\"""",""toStatus"":""In Progress"",""fromStatus"":""Not Started""}]",2025-12-19T13:54:16.516Z
yZY4ukw9NWEZYoShfGLY,[],6g1MVJt4H0mZ5SbOKjDd,2025-12-19T13:50:20.092Z,client-specific,sandbox,,2026-01-15,,lIWBfu8htqlhmyOVo9Tf,,Not Started,,2025-12-19T13:50:20.092Z